{
    "boundary coordinates" : [
        [38.31729702009844, -76.55617670782419], 
        [38.31594832826572, -76.55657341657302], 
        [38.31546739500083, -76.55376201277696], 
        [38.31470980862425, -76.54936361414539],
        [38.31424154692598, -76.54662761646904],
        [38.31369801280048, -76.54342380058223], 
        [38.31331079191371, -76.54109648475954], 
        [38.31529941346197, -76.54052104837133], 
        [38.31587643291039, -76.54361305817427],
        [38.31861642463319, -76.54538594175376],
        [38.31862683616554, -76.55206138505936], 
        [38.31703471119464, -76.55244787859773], 
        [38.31674255749409, -76.55294546866578],
        [38.31729702009844, -76.55617670782419]
    ],
    "waypoints" : [
        [ 38.31652512851874,   -76.553698306299, 30], 
        [38.316930096287635,  -76.5504102489997, 30],
        [ 38.31850420404286,  -76.5520175439768, 30],
        [38.318084991945966, -76.54909120275754, 30],
        [38.317170076120384, -76.54519141386767, 30],
        [ 38.31453025427406,  -76.5446561487259, 30],
        [ 38.31534881557715, -76.54085345989367, 30],
        [38.316679010868775, -76.54884916043693, 30],
        [38.315736210982266,  -76.5453730176419, 30],
        [ 38.31603925511844, -76.54876332974675, 30]
    ],
    "drop zone bounds" : [
        [38.31461655840247, -76.54516814545798],
        [38.31442098816458, -76.54523151910101],
        [38.31440638590367, -76.54394559930905],
        [38.314208221753645, -76.54400447836372]
    ]
}
