{
    "boundary coordinates" : [
        [33.645536, -117.840981], 
        [33.645357, -117.841244], 
        [33.645020, -117.841013],
        [33.645257, -117.840611]
    ],
    "waypoints" : [
        [33.645288, -117.840929, 10]
    ],
    "drop zone bounds" : []
}
