{
    "boundary coordinates" : [
        [33.645536, -117.840981], 
        [33.645357, -117.841244], 
        [33.645020, -117.841013],
        [33.645257, -117.840611]
    ],
    "waypoints" : [
        [33.642648, -117.824643, 10], 
        [33.641978, -117.825004, 10], 
        [33.645340, -117.841147, 10]
    ],
    "drop zone bounds" : []
}
