{
    "boundary coordinates" : [
        [33.643889, -117.826533], 
        [33.643590, -117.826125], 
        [33.643201, -117.825358],
        [33.642795, -117.824580],
        [33.642576, -117.824333],
        [33.642098, -117.824725],
        [33.641781, -117.824972],
        [33.641911, -117.825423],
        [33.642335, -117.825825],
        [33.642460, -117.826061],
        [33.642545, -117.826673],
        [33.642773, -117.826984],
        [33.643162, -117.826823],
        [33.643577, -117.826608]
    ],
    "waypoints" : [
        [33.643417, -117.826316, 10], 
        [33.643049, -117.825517, 10], 
        [33.642533, -117.825820, 10],
        [33.642846, -117.826743, 10]
    ],
    "drop zone bounds" : []
}
