{
    "boundary coordinates" : [
        [33.64741049227981, -117.84917391026455],
        [33.6491017552312, -117.847942434577],
        [33.6498434747961, -117.84949918758494],
        [33.64944303382588, -117.8516034963447],
        [33.64829944598839, -117.85117639191587]
    ],
    "waypoints" : [
        []
    ],
    "drop zone bounds" : [
        [33.648037503613196, -117.84994478096502, 25],
        [33.648230496153374, -117.8497478826798, 25],
        [33.6484398649797, -117.85022394294963, 25],
        [33.64824017010404, -117.85052524298511, 25]
    ]
}