{
    "boundary coordinates" : [
        [33.645861, -117.838484], 
        [33.645656, -117.837653], 
        [33.646301, -117.838342],
        [33.646352, -117.837686]
    ],
    "waypoints" : [
        [33.646065, -117.838276, 10], 
        [33.646295, -117.838008, 10], 
        [33.646094, -117.837847, 10],
        [33.645844, -117.838040, 10]
    ],
    "drop zone bounds" : [
        [33.646145, -117.838156, 5],
        [33.646036, -117.838164, 5],
        [33.646038, -117.837858, 5],
        [33.646183, -117.837866, 5]
    ]
}
