{
    "boundary coordinates" : [
        [33.645861, -117.838484], 
        [33.645656, -117.837653], 
        [33.646301, -117.838342],
        [33.646352, -117.837686]
    ],
    "waypoints" : [
        [33.646065, -117.838276, 30], 
        [33.646295, -117.838008, 30], 
        [33.646094, -117.837847, 30],
        [33.645844, -117.838040, 30],
        
        [33.645844, -117.838040, 30],
        [33.646094, -117.837847, 30],
        [33.646295, -117.838008, 30], 
        [33.646065, -117.838276, 30], 

        [33.646065, -117.838276, 30], 
        [33.646295, -117.838008, 30], 
        [33.646094, -117.837847, 30],
        [33.645844, -117.838040, 30],

        [33.645844, -117.838040, 30],
        [33.646094, -117.837847, 30],
        [33.646295, -117.838008, 30], 
        [33.646065, -117.838276, 30]
    ]
}
