{
    "boundary coordinates" : [
        [47.403742, 8.539438], 
        [47.401897, 8.558528], 
        [47.390226, 8.541035]
    ],
    "waypoints" : [
        [47.3977507, 8.5456073, 30], 
        [47.39777838174398, 8.544492608041622, 30], 
        [47.39732731494636, 8.545570793020584, 30]
    ],
    "drop zone bounds" : [
        [47.396902, 8.542542, 15],
        [47.396763, 8.542523, 15],
        [47.396581, 8.544549, 15],
        [47.396806, 8.544528, 15]
    ]
}
