{
    "boundary coordinates" : [
        [34.74846256253033, -117.170632944722],
        [34.810832606125565, -117.09335585592335],
        [34.81923052637316, -117.13014207726971],
        [34.7655026992496, -117.19321122901059]
    ],
    "waypoints" : [
        [34.757859735504056, -117.17331948472402, 30],
        [34.757210528775026, -117.17327675452785, 30],
        [34.757102210691585, -117.17170787850752, 30],
        [34.75636347552072, -117.17236645309396, 30]
    ],
    "drop zone bounds" : [
        [34.75790603770299, -117.17238459534096, 25],
        [34.75788522538783, -117.17230015145505, 25],
        [34.757770437629794, -117.17230242598747, 25],
        [34.75786318549173, -117.17242878334542, 25]
    ]
}
