{
    "boundary coordinates" : [
        [-35.36179659, 149.16517277], 
        [-35.36266114, 149.16514692], 
        [-35.36267168, 149.16406092],
        [-35.36357839, 149.16404800],
        [-35.36358894, 149.16517277], 
        [-35.36448510, 149.16513399], 
        [-35.36449564, 149.16627169], 
        [-35.36358894, 149.16628462],
        [-35.36357839, 149.16737061],
        [-35.36267168, 149.16737061], 
        [-35.36268222, 149.16627169], 
        [-35.36176496, 149.16629755]
    ],
    "waypoints" : [
        [-35.36224995, 149.16575455, 30], 
        [-35.36314613, 149.16459099, 30],
        [-35.36404229, 149.16571577, 30],
        [-35.36313558, 149.16689226, 30]
    ],
    "drop zone bounds" : []
}
